{"mse": 0.8102313340035701, "r2": 0.24299311023017178}