{"mse": 0.8152241252288586, "r2": 0.23832829760431373}